source_record_id,facility_id,material_name,event_type,quantity,unit,event_timestamp,batch_id
SRC-2001,FAC-01,Plastic film,RECEIPT,,kg,2026-10-01T09:00:00Z,BATCH-50
SRC-2002,FAC-01,Plastic film,RECEIPT,750,tons,2026-10-01T10:00:00Z,BATCH-50
SRC-2003,FAC-01,Plastic film,RECEIPT,400,kg,2026-10-01T11:00:00Z,BATCH-51
SRC-2003,FAC-01,Plastic film,RECEIPT,400,kg,2026-10-01T11:00:00Z,BATCH-51
SRC-2004,FAC-01,Plastic film,SHIPMENT,-200,kg,2026-10-02T09:00:00Z,BATCH-51
SRC-2005,FAC-01,Plastic film,RECEIPT,abc,kg,2026-10-02T10:00:00Z,BATCH-52
SRC-2006,FAC-01,Plastic film,RECEIPT,100,kg,2026-13-45T25:00:00Z,BATCH-52
SRC-2007,FAC-01,Plastic film,RECEIPT,100,kg,2026-10-02T12:00:00,BATCH-52
SRC-2008,FAC-01,Plastic film,TRANSFER,100,kg,2026-10-02T13:00:00Z,BATCH-53
SRC-2009,FAC-01,Mystery polymer,RECEIPT,100,kg,2026-10-02T14:00:00Z,BATCH-53
SRC-2010,,Plastic film,RECEIPT,100,kg,2026-10-02T15:00:00Z,BATCH-53
,FAC-01,Plastic film,RECEIPT,100,kg,2026-10-02T16:00:00Z,BATCH-53
SRC-2011,FAC-01,Plastic film,RECEIPT,100,kg,2026-10-02T17:00:00Z,BATCH-54,EXTRA
SRC-2012,FAC-01,Plastic film,RECEIPT,120,kg,2026-10-02T18:00:00Z,BATCH-54
SRC-2012,FAC-01,Plastic film,RECEIPT,210,kg,2026-10-02T18:00:00Z,BATCH-54
